Well,Sample,seq_index_seq_1,seq_index_seq_2,primerF_seq,primerR_seq,pri_index_name,insert_size,file1,file2,locus,sec_index_start,seq_index_name_1,seq_index_name_2
A1,MDT_1_rep1,GGCCTATAACACTGACGACATGGTTCTACA,NNGGCCTATATACGGTAGCAGAGACTTGGTCT,GGWACWGGWTGAACWGTWTAYCCYCC,TAIACYTCIGGRTGICCRAARAAYCA,MEDITS_Lib1,313,SubsetCOI_R1.fq,SubsetCOI_R2.fq,COI,0,A1_CS1,A1_CS2
A2,MDT_1_rep2,NNGATGCGAAACACTGACGACATGGTTCTACA,GATGCGAATACGGTAGCAGAGACTTGGTCT,GGWACWGGWTGAACWGTWTAYCCYCC,TAIACYTCIGGRTGICCRAARAAYCA,MEDITS_Lib1,313,SubsetCOI_R1.fq,SubsetCOI_R2.fq,COI,2,A2_CS1,A2_CS2
A3,MDT_1_rep3,NCGCTGTAAACACTGACGACATGGTTCTACA,NCGCTGTAATACGGTAGCAGAGACTTGGTCT,GGWACWGGWTGAACWGTWTAYCCYCC,TAIACYTCIGGRTGICCRAARAAYCA,MEDITS_Lib1,313,SubsetCOI_R1.fq,SubsetCOI_R2.fq,COI,1,A3_CS1,A3_CS2
A4,MDT_10_rep1,GCTTACGAACACTGACGACATGGTTCTACA,NNGCTTACGATACGGTAGCAGAGACTTGGTCT,GGWACWGGWTGAACWGTWTAYCCYCC,TAIACYTCIGGRTGICCRAARAAYCA,MEDITS_Lib1,313,SubsetCOI_R1.fq,SubsetCOI_R2.fq,COI,0,A4_CS1,A4_CS2
A5,MDT_10_rep2,NNGACCTTGAACACTGACGACATGGTTCTACA,GACCTTGATACGGTAGCAGAGACTTGGTCT,GGWACWGGWTGAACWGTWTAYCCYCC,TAIACYTCIGGRTGICCRAARAAYCA,MEDITS_Lib1,313,SubsetCOI_R1.fq,SubsetCOI_R2.fq,COI,2,A5_CS1,A5_CS2
A6,MDT_10_rep3,NGTGATCCAACACTGACGACATGGTTCTACA,NGTGATCCATACGGTAGCAGAGACTTGGTCT,GGWACWGGWTGAACWGTWTAYCCYCC,TAIACYTCIGGRTGICCRAARAAYCA,MEDITS_Lib1,313,SubsetCOI_R1.fq,SubsetCOI_R2.fq,COI,1,A6_CS1,A6_CS2
A7,MDT_18_rep1,CGACGTTAACACTGACGACATGGTTCTACA,NNCGACGTTATACGGTAGCAGAGACTTGGTCT,GGWACWGGWTGAACWGTWTAYCCYCC,TAIACYTCIGGRTGICCRAARAAYCA,MEDITS_Lib1,313,SubsetCOI_R1.fq,SubsetCOI_R2.fq,COI,0,A7_CS1,A7_CS2
A8,MDT_18_rep2,NNATTCGTGGACACTGACGACATGGTTCTACA,ATTCGTGGTACGGTAGCAGAGACTTGGTCT,GGWACWGGWTGAACWGTWTAYCCYCC,TAIACYTCIGGRTGICCRAARAAYCA,MEDITS_Lib1,313,SubsetCOI_R1.fq,SubsetCOI_R2.fq,COI,2,A8_CS1,A8_CS2
A9,MDT_18_rep3,NTCTCATCGACACTGACGACATGGTTCTACA,NTCTCATCGTACGGTAGCAGAGACTTGGTCT,GGWACWGGWTGAACWGTWTAYCCYCC,TAIACYTCIGGRTGICCRAARAAYCA,MEDITS_Lib1,313,SubsetCOI_R1.fq,SubsetCOI_R2.fq,COI,1,A9_CS1,A9_CS2
A10,MDT_27_rep1,TTCGCTTGACACTGACGACATGGTTCTACA,NNTTCGCTTGTACGGTAGCAGAGACTTGGTCT,GGWACWGGWTGAACWGTWTAYCCYCC,TAIACYTCIGGRTGICCRAARAAYCA,MEDITS_Lib1,313,SubsetCOI_R1.fq,SubsetCOI_R2.fq,COI,0,A10_CS1,A10_CS2
A11,MDT_27_rep2,NNGAATGTCCACACTGACGACATGGTTCTACA,GAATGTCCTACGGTAGCAGAGACTTGGTCT,GGWACWGGWTGAACWGTWTAYCCYCC,TAIACYTCIGGRTGICCRAARAAYCA,MEDITS_Lib1,313,SubsetCOI_R1.fq,SubsetCOI_R2.fq,COI,2,A11_CS1,A11_CS2
A12,MDT_27_rep3,NACCTAGCAACACTGACGACATGGTTCTACA,NACCTAGCATACGGTAGCAGAGACTTGGTCT,GGWACWGGWTGAACWGTWTAYCCYCC,TAIACYTCIGGRTGICCRAARAAYCA,MEDITS_Lib1,313,SubsetCOI_R1.fq,SubsetCOI_R2.fq,COI,1,A12_CS1,A12_CS2
B1,MDT_2_rep1,NTCTTCAGGACACTGACGACATGGTTCTACA,NTCTTCAGGTACGGTAGCAGAGACTTGGTCT,GGWACWGGWTGAACWGTWTAYCCYCC,TAIACYTCIGGRTGICCRAARAAYCA,MEDITS_Lib1,313,SubsetCOI_R1.fq,SubsetCOI_R2.fq,COI,1,B1_CS1,B1_CS2
B2,MDT_2_rep2,GTGGACAAACACTGACGACATGGTTCTACA,NNGTGGACAATACGGTAGCAGAGACTTGGTCT,GGWACWGGWTGAACWGTWTAYCCYCC,TAIACYTCIGGRTGICCRAARAAYCA,MEDITS_Lib1,313,SubsetCOI_R1.fq,SubsetCOI_R2.fq,COI,0,B2_CS1,B2_CS2
B3,MDT_2_rep3,NNCAGCCTAAACACTGACGACATGGTTCTACA,CAGCCTAATACGGTAGCAGAGACTTGGTCT,GGWACWGGWTGAACWGTWTAYCCYCC,TAIACYTCIGGRTGICCRAARAAYCA,MEDITS_Lib1,313,SubsetCOI_R1.fq,SubsetCOI_R2.fq,COI,2,B3_CS1,B3_CS2
B4,MDT_11_rep1,NCAACTCGAACACTGACGACATGGTTCTACA,NCAACTCGATACGGTAGCAGAGACTTGGTCT,GGWACWGGWTGAACWGTWTAYCCYCC,TAIACYTCIGGRTGICCRAARAAYCA,MEDITS_Lib1,313,SubsetCOI_R1.fq,SubsetCOI_R2.fq,COI,1,B4_CS1,B4_CS2
B5,MDT_11_rep2,AGACGACAACACTGACGACATGGTTCTACA,NNAGACGACATACGGTAGCAGAGACTTGGTCT,GGWACWGGWTGAACWGTWTAYCCYCC,TAIACYTCIGGRTGICCRAARAAYCA,MEDITS_Lib1,313,SubsetCOI_R1.fq,SubsetCOI_R2.fq,COI,0,B5_CS1,B5_CS2
B6,MDT_11_rep3,NNCTTGTCCAACACTGACGACATGGTTCTACA,CTTGTCCATACGGTAGCAGAGACTTGGTCT,GGWACWGGWTGAACWGTWTAYCCYCC,TAIACYTCIGGRTGICCRAARAAYCA,MEDITS_Lib1,313,SubsetCOI_R1.fq,SubsetCOI_R2.fq,COI,2,B6_CS1,B6_CS2
B7,MDT_20_rep1,NCGATTCAGACACTGACGACATGGTTCTACA,NCGATTCAGTACGGTAGCAGAGACTTGGTCT,GGWACWGGWTGAACWGTWTAYCCYCC,TAIACYTCIGGRTGICCRAARAAYCA,MEDITS_Lib1,313,SubsetCOI_R1.fq,SubsetCOI_R2.fq,COI,1,B7_CS1,B7_CS2
B8,MDT_20_rep2,TATCCTGGACACTGACGACATGGTTCTACA,NNTATCCTGGTACGGTAGCAGAGACTTGGTCT,GGWACWGGWTGAACWGTWTAYCCYCC,TAIACYTCIGGRTGICCRAARAAYCA,MEDITS_Lib1,313,SubsetCOI_R1.fq,SubsetCOI_R2.fq,COI,0,B8_CS1,B8_CS2
B9,MDT_20_rep3,NNTTACCTCGACACTGACGACATGGTTCTACA,TTACCTCGTACGGTAGCAGAGACTTGGTCT,GGWACWGGWTGAACWGTWTAYCCYCC,TAIACYTCIGGRTGICCRAARAAYCA,MEDITS_Lib1,313,SubsetCOI_R1.fq,SubsetCOI_R2.fq,COI,2,B9_CS1,B9_CS2
B10,MDT_28_rep1,NACTCCTTGACACTGACGACATGGTTCTACA,NACTCCTTGTACGGTAGCAGAGACTTGGTCT,GGWACWGGWTGAACWGTWTAYCCYCC,TAIACYTCIGGRTGICCRAARAAYCA,MEDITS_Lib1,313,SubsetCOI_R1.fq,SubsetCOI_R2.fq,COI,1,B10_CS1,B10_CS2
B11,MDT_28_rep2,CAGAGAGAACACTGACGACATGGTTCTACA,NNCAGAGAGATACGGTAGCAGAGACTTGGTCT,GGWACWGGWTGAACWGTWTAYCCYCC,TAIACYTCIGGRTGICCRAARAAYCA,MEDITS_Lib1,313,SubsetCOI_R1.fq,SubsetCOI_R2.fq,COI,0,B11_CS1,B11_CS2
B12,MDT_28_rep3,NNATCCTCCAACACTGACGACATGGTTCTACA,ATCCTCCATACGGTAGCAGAGACTTGGTCT,GGWACWGGWTGAACWGTWTAYCCYCC,TAIACYTCIGGRTGICCRAARAAYCA,MEDITS_Lib1,313,SubsetCOI_R1.fq,SubsetCOI_R2.fq,COI,2,B12_CS1,B12_CS2
C1,MDT_3_rep1,NNACGGAGAAACACTGACGACATGGTTCTACA,ACGGAGAATACGGTAGCAGAGACTTGGTCT,GGWACWGGWTGAACWGTWTAYCCYCC,TAIACYTCIGGRTGICCRAARAAYCA,MEDITS_Lib1,313,SubsetCOI_R1.fq,SubsetCOI_R2.fq,COI,2,C1_CS1,C1_CS2
C2,MDT_3_rep2,NTCGCACAAACACTGACGACATGGTTCTACA,NTCGCACAATACGGTAGCAGAGACTTGGTCT,GGWACWGGWTGAACWGTWTAYCCYCC,TAIACYTCIGGRTGICCRAARAAYCA,MEDITS_Lib1,313,SubsetCOI_R1.fq,SubsetCOI_R2.fq,COI,1,C2_CS1,C2_CS2
C3,MDT_3_rep3,GCGTCTAAACACTGACGACATGGTTCTACA,NNGCGTCTAATACGGTAGCAGAGACTTGGTCT,GGWACWGGWTGAACWGTWTAYCCYCC,TAIACYTCIGGRTGICCRAARAAYCA,MEDITS_Lib1,313,SubsetCOI_R1.fq,SubsetCOI_R2.fq,COI,0,C3_CS1,C3_CS2
C4,MDT_12_rep1,NNAGTCTCGAACACTGACGACATGGTTCTACA,AGTCTCGATACGGTAGCAGAGACTTGGTCT,GGWACWGGWTGAACWGTWTAYCCYCC,TAIACYTCIGGRTGICCRAARAAYCA,MEDITS_Lib1,313,SubsetCOI_R1.fq,SubsetCOI_R2.fq,COI,2,C4_CS1,C4_CS2
C5,MDT_12_rep2,NCAGGTACAACACTGACGACATGGTTCTACA,NCAGGTACATACGGTAGCAGAGACTTGGTCT,GGWACWGGWTGAACWGTWTAYCCYCC,TAIACYTCIGGRTGICCRAARAAYCA,MEDITS_Lib1,313,SubsetCOI_R1.fq,SubsetCOI_R2.fq,COI,1,C5_CS1,C5_CS2
C6,MDT_12_rep3,GTCACTCAACACTGACGACATGGTTCTACA,NNGTCACTCATACGGTAGCAGAGACTTGGTCT,GGWACWGGWTGAACWGTWTAYCCYCC,TAIACYTCIGGRTGICCRAARAAYCA,MEDITS_Lib1,313,SubsetCOI_R1.fq,SubsetCOI_R2.fq,COI,0,C6_CS1,C6_CS2
C7,MDT_21_rep1,NNGCACATAGACACTGACGACATGGTTCTACA,GCACATAGTACGGTAGCAGAGACTTGGTCT,GGWACWGGWTGAACWGTWTAYCCYCC,TAIACYTCIGGRTGICCRAARAAYCA,MEDITS_Lib1,313,SubsetCOI_R1.fq,SubsetCOI_R2.fq,COI,2,C7_CS1,C7_CS2
C8,MDT_21_rep2,NACTGAACGACACTGACGACATGGTTCTACA,NACTGAACGTACGGTAGCAGAGACTTGGTCT,GGWACWGGWTGAACWGTWTAYCCYCC,TAIACYTCIGGRTGICCRAARAAYCA,MEDITS_Lib1,313,SubsetCOI_R1.fq,SubsetCOI_R2.fq,COI,1,C8_CS1,C8_CS2
C9,MDT_21_rep3,CGGATATGACACTGACGACATGGTTCTACA,NNCGGATATGTACGGTAGCAGAGACTTGGTCT,GGWACWGGWTGAACWGTWTAYCCYCC,TAIACYTCIGGRTGICCRAARAAYCA,MEDITS_Lib1,313,SubsetCOI_R1.fq,SubsetCOI_R2.fq,COI,0,C9_CS1,C9_CS2
C10,MDT_29_rep1,NNCTGTCTTGACACTGACGACATGGTTCTACA,CTGTCTTGTACGGTAGCAGAGACTTGGTCT,GGWACWGGWTGAACWGTWTAYCCYCC,TAIACYTCIGGRTGICCRAARAAYCA,MEDITS_Lib1,313,SubsetCOI_R1.fq,SubsetCOI_R2.fq,COI,2,C10_CS1,C10_CS2
C11,MDT_29_rep2,NCCTGACAAACACTGACGACATGGTTCTACA,NCCTGACAATACGGTAGCAGAGACTTGGTCT,GGWACWGGWTGAACWGTWTAYCCYCC,TAIACYTCIGGRTGICCRAARAAYCA,MEDITS_Lib1,313,SubsetCOI_R1.fq,SubsetCOI_R2.fq,COI,1,C11_CS1,C11_CS2
C12,MDT_29_rep3,TCCTGAAGACACTGACGACATGGTTCTACA,NNTCCTGAAGTACGGTAGCAGAGACTTGGTCT,GGWACWGGWTGAACWGTWTAYCCYCC,TAIACYTCIGGRTGICCRAARAAYCA,MEDITS_Lib1,313,SubsetCOI_R1.fq,SubsetCOI_R2.fq,COI,0,C12_CS1,C12_CS2
D1,MDT_4_rep1,CCACAGAAACACTGACGACATGGTTCTACA,NNCCACAGAATACGGTAGCAGAGACTTGGTCT,GGWACWGGWTGAACWGTWTAYCCYCC,TAIACYTCIGGRTGICCRAARAAYCA,MEDITS_Lib1,313,SubsetCOI_R1.fq,SubsetCOI_R2.fq,COI,0,D1_CS1,D1_CS2
D2,MDT_4_rep2,NNGGTCACAAACACTGACGACATGGTTCTACA,GGTCACAATACGGTAGCAGAGACTTGGTCT,GGWACWGGWTGAACWGTWTAYCCYCC,TAIACYTCIGGRTGICCRAARAAYCA,MEDITS_Lib1,313,SubsetCOI_R1.fq,SubsetCOI_R2.fq,COI,2,D2_CS1,D2_CS2
D3,MDT_4_rep3,NGGAAGAGAACACTGACGACATGGTTCTACA,NGGAAGAGATACGGTAGCAGAGACTTGGTCT,GGWACWGGWTGAACWGTWTAYCCYCC,TAIACYTCIGGRTGICCRAARAAYCA,MEDITS_Lib1,313,SubsetCOI_R1.fq,SubsetCOI_R2.fq,COI,1,D3_CS1,D3_CS2
D4,MDT_13_rep1,CTCGATGAACACTGACGACATGGTTCTACA,NNCTCGATGATACGGTAGCAGAGACTTGGTCT,GGWACWGGWTGAACWGTWTAYCCYCC,TAIACYTCIGGRTGICCRAARAAYCA,MEDITS_Lib1,313,SubsetCOI_R1.fq,SubsetCOI_R2.fq,COI,0,D4_CS1,D4_CS2
D5,MDT_13_rep2,NNAACAGGCAACACTGACGACATGGTTCTACA,AACAGGCATACGGTAGCAGAGACTTGGTCT,GGWACWGGWTGAACWGTWTAYCCYCC,TAIACYTCIGGRTGICCRAARAAYCA,MEDITS_Lib1,313,SubsetCOI_R1.fq,SubsetCOI_R2.fq,COI,2,D5_CS1,D5_CS2
D6,MDT_13_rep3,NTGGCGATAACACTGACGACATGGTTCTACA,NTGGCGATATACGGTAGCAGAGACTTGGTCT,GGWACWGGWTGAACWGTWTAYCCYCC,TAIACYTCIGGRTGICCRAARAAYCA,MEDITS_Lib1,313,SubsetCOI_R1.fq,SubsetCOI_R2.fq,COI,1,D6_CS1,D6_CS2
D7,MDT_22_rep1,CCTCTTAGACACTGACGACATGGTTCTACA,NNCCTCTTAGTACGGTAGCAGAGACTTGGTCT,GGWACWGGWTGAACWGTWTAYCCYCC,TAIACYTCIGGRTGICCRAARAAYCA,MEDITS_Lib1,313,SubsetCOI_R1.fq,SubsetCOI_R2.fq,COI,0,D7_CS1,D7_CS2
D8,MDT_22_rep2,NNATCCAACGACACTGACGACATGGTTCTACA,ATCCAACGTACGGTAGCAGAGACTTGGTCT,GGWACWGGWTGAACWGTWTAYCCYCC,TAIACYTCIGGRTGICCRAARAAYCA,MEDITS_Lib1,313,SubsetCOI_R1.fq,SubsetCOI_R2.fq,COI,2,D8_CS1,D8_CS2
D9,MDT_22_rep3,NGAGGTATGACACTGACGACATGGTTCTACA,NGAGGTATGTACGGTAGCAGAGACTTGGTCT,GGWACWGGWTGAACWGTWTAYCCYCC,TAIACYTCIGGRTGICCRAARAAYCA,MEDITS_Lib1,313,SubsetCOI_R1.fq,SubsetCOI_R2.fq,COI,1,D9_CS1,D9_CS2
D10,MDT_30_rep1,CCGAATACACACTGACGACATGGTTCTACA,NNCCGAATACTACGGTAGCAGAGACTTGGTCT,GGWACWGGWTGAACWGTWTAYCCYCC,TAIACYTCIGGRTGICCRAARAAYCA,MEDITS_Lib1,313,SubsetCOI_R1.fq,SubsetCOI_R2.fq,COI,0,D10_CS1,D10_CS2
D11,MDT_30_rep2,NNCGAAGCAAACACTGACGACATGGTTCTACA,CGAAGCAATACGGTAGCAGAGACTTGGTCT,GGWACWGGWTGAACWGTWTAYCCYCC,TAIACYTCIGGRTGICCRAARAAYCA,MEDITS_Lib1,313,SubsetCOI_R1.fq,SubsetCOI_R2.fq,COI,2,D11_CS1,D11_CS2
D12,MDT_30_rep3,NGTGCTTAGACACTGACGACATGGTTCTACA,NGTGCTTAGTACGGTAGCAGAGACTTGGTCT,GGWACWGGWTGAACWGTWTAYCCYCC,TAIACYTCIGGRTGICCRAARAAYCA,MEDITS_Lib1,313,SubsetCOI_R1.fq,SubsetCOI_R2.fq,COI,1,D12_CS1,D12_CS2
E1,MDT_5_rep1,NAGCCAGAAACACTGACGACATGGTTCTACA,NAGCCAGAATACGGTAGCAGAGACTTGGTCT,GGWACWGGWTGAACWGTWTAYCCYCC,TAIACYTCIGGRTGICCRAARAAYCA,MEDITS_Lib1,313,SubsetCOI_R1.fq,SubsetCOI_R2.fq,COI,1,E1_CS1,E1_CS2
E2,MDT_5_rep2,TGGTGCAAACACTGACGACATGGTTCTACA,NNTGGTGCAATACGGTAGCAGAGACTTGGTCT,GGWACWGGWTGAACWGTWTAYCCYCC,TAIACYTCIGGRTGICCRAARAAYCA,MEDITS_Lib1,313,SubsetCOI_R1.fq,SubsetCOI_R2.fq,COI,0,E2_CS1,E2_CS2
E3,MDT_5_rep3,NNTTGGAGGAACACTGACGACATGGTTCTACA,TTGGAGGATACGGTAGCAGAGACTTGGTCT,GGWACWGGWTGAACWGTWTAYCCYCC,TAIACYTCIGGRTGICCRAARAAYCA,MEDITS_Lib1,313,SubsetCOI_R1.fq,SubsetCOI_R2.fq,COI,2,E3_CS1,E3_CS2
E4,MDT_14_rep1,NCCTAGTGAACACTGACGACATGGTTCTACA,NCCTAGTGATACGGTAGCAGAGACTTGGTCT,GGWACWGGWTGAACWGTWTAYCCYCC,TAIACYTCIGGRTGICCRAARAAYCA,MEDITS_Lib1,313,SubsetCOI_R1.fq,SubsetCOI_R2.fq,COI,1,E4_CS1,E4_CS2
E5,MDT_14_rep2,GATTGGCAACACTGACGACATGGTTCTACA,NNGATTGGCATACGGTAGCAGAGACTTGGTCT,GGWACWGGWTGAACWGTWTAYCCYCC,TAIACYTCIGGRTGICCRAARAAYCA,MEDITS_Lib1,313,SubsetCOI_R1.fq,SubsetCOI_R2.fq,COI,0,E5_CS1,E5_CS2
E6,MDT_14_rep3,NNACTCGGTAACACTGACGACATGGTTCTACA,ACTCGGTATACGGTAGCAGAGACTTGGTCT,GGWACWGGWTGAACWGTWTAYCCYCC,TAIACYTCIGGRTGICCRAARAAYCA,MEDITS_Lib1,313,SubsetCOI_R1.fq,SubsetCOI_R2.fq,COI,2,E6_CS1,E6_CS2
E7,MDT_23_rep1,NTTCACAGGACACTGACGACATGGTTCTACA,NTTCACAGGTACGGTAGCAGAGACTTGGTCT,GGWACWGGWTGAACWGTWTAYCCYCC,TAIACYTCIGGRTGICCRAARAAYCA,MEDITS_Lib1,313,SubsetCOI_R1.fq,SubsetCOI_R2.fq,COI,1,E7_CS1,E7_CS2
E8,MDT_23_rep2,TATGCACGACACTGACGACATGGTTCTACA,NNTATGCACGTACGGTAGCAGAGACTTGGTCT,GGWACWGGWTGAACWGTWTAYCCYCC,TAIACYTCIGGRTGICCRAARAAYCA,MEDITS_Lib1,313,SubsetCOI_R1.fq,SubsetCOI_R2.fq,COI,0,E8_CS1,E8_CS2
E9,MDT_23_rep3,NNGTGATGTGACACTGACGACATGGTTCTACA,GTGATGTGTACGGTAGCAGAGACTTGGTCT,GGWACWGGWTGAACWGTWTAYCCYCC,TAIACYTCIGGRTGICCRAARAAYCA,MEDITS_Lib1,313,SubsetCOI_R1.fq,SubsetCOI_R2.fq,COI,2,E9_CS1,E9_CS2
E10,MDT_31_rep1,NGAGTAACCACACTGACGACATGGTTCTACA,NGAGTAACCTACGGTAGCAGAGACTTGGTCT,GGWACWGGWTGAACWGTWTAYCCYCC,TAIACYTCIGGRTGICCRAARAAYCA,MEDITS_Lib1,313,SubsetCOI_R1.fq,SubsetCOI_R2.fq,COI,1,E10_CS1,E10_CS2
E11,MDT_31_rep2,TACCGCAAACACTGACGACATGGTTCTACA,NNTACCGCAATACGGTAGCAGAGACTTGGTCT,GGWACWGGWTGAACWGTWTAYCCYCC,TAIACYTCIGGRTGICCRAARAAYCA,MEDITS_Lib1,313,SubsetCOI_R1.fq,SubsetCOI_R2.fq,COI,0,E11_CS1,E11_CS2
E12,MDT_31_rep3,NNTATTGCGGACACTGACGACATGGTTCTACA,TATTGCGGTACGGTAGCAGAGACTTGGTCT,GGWACWGGWTGAACWGTWTAYCCYCC,TAIACYTCIGGRTGICCRAARAAYCA,MEDITS_Lib1,313,SubsetCOI_R1.fq,SubsetCOI_R2.fq,COI,2,E12_CS1,E12_CS2
F1,MDT_7_rep1,NNTGACGGAAACACTGACGACATGGTTCTACA,TGACGGAATACGGTAGCAGAGACTTGGTCT,GGWACWGGWTGAACWGTWTAYCCYCC,TAIACYTCIGGRTGICCRAARAAYCA,MEDITS_Lib1,313,SubsetCOI_R1.fq,SubsetCOI_R2.fq,COI,2,F1_CS1,F1_CS2
F2,MDT_7_rep2,NGTCTGCAAACACTGACGACATGGTTCTACA,NGTCTGCAATACGGTAGCAGAGACTTGGTCT,GGWACWGGWTGAACWGTWTAYCCYCC,TAIACYTCIGGRTGICCRAARAAYCA,MEDITS_Lib1,313,SubsetCOI_R1.fq,SubsetCOI_R2.fq,COI,1,F2_CS1,F2_CS2
F3,MDT_7_rep3,AGTGAGGAACACTGACGACATGGTTCTACA,NNAGTGAGGATACGGTAGCAGAGACTTGGTCT,GGWACWGGWTGAACWGTWTAYCCYCC,TAIACYTCIGGRTGICCRAARAAYCA,MEDITS_Lib1,313,SubsetCOI_R1.fq,SubsetCOI_R2.fq,COI,0,F3_CS1,F3_CS2
F4,MDT_15_rep1,NNGTTGGTGAACACTGACGACATGGTTCTACA,GTTGGTGATACGGTAGCAGAGACTTGGTCT,GGWACWGGWTGAACWGTWTAYCCYCC,TAIACYTCIGGRTGICCRAARAAYCA,MEDITS_Lib1,313,SubsetCOI_R1.fq,SubsetCOI_R2.fq,COI,2,F4_CS1,F4_CS2
F5,MDT_15_rep2,NACTGTGCAACACTGACGACATGGTTCTACA,NACTGTGCATACGGTAGCAGAGACTTGGTCT,GGWACWGGWTGAACWGTWTAYCCYCC,TAIACYTCIGGRTGICCRAARAAYCA,MEDITS_Lib1,313,SubsetCOI_R1.fq,SubsetCOI_R2.fq,COI,1,F5_CS1,F5_CS2
F6,MDT_15_rep3,AGGTGGTAACACTGACGACATGGTTCTACA,NNAGGTGGTATACGGTAGCAGAGACTTGGTCT,GGWACWGGWTGAACWGTWTAYCCYCC,TAIACYTCIGGRTGICCRAARAAYCA,MEDITS_Lib1,313,SubsetCOI_R1.fq,SubsetCOI_R2.fq,COI,0,F6_CS1,F6_CS2
F7,MDT_24_rep1,NNATTACCGGACACTGACGACATGGTTCTACA,ATTACCGGTACGGTAGCAGAGACTTGGTCT,GGWACWGGWTGAACWGTWTAYCCYCC,TAIACYTCIGGRTGICCRAARAAYCA,MEDITS_Lib1,313,SubsetCOI_R1.fq,SubsetCOI_R2.fq,COI,2,F7_CS1,F7_CS2
F8,MDT_24_rep2,NTTAGACCGACACTGACGACATGGTTCTACA,NTTAGACCGTACGGTAGCAGAGACTTGGTCT,GGWACWGGWTGAACWGTWTAYCCYCC,TAIACYTCIGGRTGICCRAARAAYCA,MEDITS_Lib1,313,SubsetCOI_R1.fq,SubsetCOI_R2.fq,COI,1,F8_CS1,F8_CS2
F9,MDT_24_rep3,TCTGACTGACACTGACGACATGGTTCTACA,NNTCTGACTGTACGGTAGCAGAGACTTGGTCT,GGWACWGGWTGAACWGTWTAYCCYCC,TAIACYTCIGGRTGICCRAARAAYCA,MEDITS_Lib1,313,SubsetCOI_R1.fq,SubsetCOI_R2.fq,COI,0,F9_CS1,F9_CS2
F10,MDT_32_rep1,NNAGATAGCCACACTGACGACATGGTTCTACA,AGATAGCCTACGGTAGCAGAGACTTGGTCT,GGWACWGGWTGAACWGTWTAYCCYCC,TAIACYTCIGGRTGICCRAARAAYCA,MEDITS_Lib1,313,SubsetCOI_R1.fq,SubsetCOI_R2.fq,COI,2,F10_CS1,F10_CS2
F11,MDT_32_rep2,NGTAGCAGAACACTGACGACATGGTTCTACA,NGTAGCAGATACGGTAGCAGAGACTTGGTCT,GGWACWGGWTGAACWGTWTAYCCYCC,TAIACYTCIGGRTGICCRAARAAYCA,MEDITS_Lib1,313,SubsetCOI_R1.fq,SubsetCOI_R2.fq,COI,1,F11_CS1,F11_CS2
F12,MDT_32_rep3,AGAATCGGACACTGACGACATGGTTCTACA,NNAGAATCGGTACGGTAGCAGAGACTTGGTCT,GGWACWGGWTGAACWGTWTAYCCYCC,TAIACYTCIGGRTGICCRAARAAYCA,MEDITS_Lib1,313,SubsetCOI_R1.fq,SubsetCOI_R2.fq,COI,0,F12_CS1,F12_CS2
G1,MDT_8_rep1,CATCGGAAACACTGACGACATGGTTCTACA,NNCATCGGAATACGGTAGCAGAGACTTGGTCT,GGWACWGGWTGAACWGTWTAYCCYCC,TAIACYTCIGGRTGICCRAARAAYCA,MEDITS_Lib1,313,SubsetCOI_R1.fq,SubsetCOI_R2.fq,COI,0,G1_CS1,G1_CS2
G2,MDT_8_rep2,NNCACACCAAACACTGACGACATGGTTCTACA,CACACCAATACGGTAGCAGAGACTTGGTCT,GGWACWGGWTGAACWGTWTAYCCYCC,TAIACYTCIGGRTGICCRAARAAYCA,MEDITS_Lib1,313,SubsetCOI_R1.fq,SubsetCOI_R2.fq,COI,2,G2_CS1,G2_CS2
G3,MDT_8_rep3,NACCATGGAACACTGACGACATGGTTCTACA,NACCATGGATACGGTAGCAGAGACTTGGTCT,GGWACWGGWTGAACWGTWTAYCCYCC,TAIACYTCIGGRTGICCRAARAAYCA,MEDITS_Lib1,313,SubsetCOI_R1.fq,SubsetCOI_R2.fq,COI,1,G3_CS1,G3_CS2
G4,MDT_16_rep1,ACACGTGAACACTGACGACATGGTTCTACA,NNACACGTGATACGGTAGCAGAGACTTGGTCT,GGWACWGGWTGAACWGTWTAYCCYCC,TAIACYTCIGGRTGICCRAARAAYCA,MEDITS_Lib1,313,SubsetCOI_R1.fq,SubsetCOI_R2.fq,COI,0,G4_CS1,G4_CS2
G5,MDT_16_rep2,NNAAGCTGCAACACTGACGACATGGTTCTACA,AAGCTGCATACGGTAGCAGAGACTTGGTCT,GGWACWGGWTGAACWGTWTAYCCYCC,TAIACYTCIGGRTGICCRAARAAYCA,MEDITS_Lib1,313,SubsetCOI_R1.fq,SubsetCOI_R2.fq,COI,2,G5_CS1,G5_CS2
G6,MDT_16_rep3,NGGTTGCTAACACTGACGACATGGTTCTACA,NGGTTGCTATACGGTAGCAGAGACTTGGTCT,GGWACWGGWTGAACWGTWTAYCCYCC,TAIACYTCIGGRTGICCRAARAAYCA,MEDITS_Lib1,313,SubsetCOI_R1.fq,SubsetCOI_R2.fq,COI,1,G6_CS1,G6_CS2
G7,MDT_25_rep1,GCTAATGGACACTGACGACATGGTTCTACA,NNGCTAATGGTACGGTAGCAGAGACTTGGTCT,GGWACWGGWTGAACWGTWTAYCCYCC,TAIACYTCIGGRTGICCRAARAAYCA,MEDITS_Lib1,313,SubsetCOI_R1.fq,SubsetCOI_R2.fq,COI,0,G7_CS1,G7_CS2
G8,MDT_25_rep2,NNCTAATCCGACACTGACGACATGGTTCTACA,CTAATCCGTACGGTAGCAGAGACTTGGTCT,GGWACWGGWTGAACWGTWTAYCCYCC,TAIACYTCIGGRTGICCRAARAAYCA,MEDITS_Lib1,313,SubsetCOI_R1.fq,SubsetCOI_R2.fq,COI,2,G8_CS1,G8_CS2
G9,MDT_25_rep3,NGCATTCTGACACTGACGACATGGTTCTACA,NGCATTCTGTACGGTAGCAGAGACTTGGTCT,GGWACWGGWTGAACWGTWTAYCCYCC,TAIACYTCIGGRTGICCRAARAAYCA,MEDITS_Lib1,313,SubsetCOI_R1.fq,SubsetCOI_R2.fq,COI,1,G9_CS1,G9_CS2
G10,ntc_rep1,CAATTGCCACACTGACGACATGGTTCTACA,NNCAATTGCCTACGGTAGCAGAGACTTGGTCT,GGWACWGGWTGAACWGTWTAYCCYCC,TAIACYTCIGGRTGICCRAARAAYCA,MEDITS_Lib1,313,SubsetCOI_R1.fq,SubsetCOI_R2.fq,COI,0,G10_CS1,G10_CS2
G11,ntc_rep2,NNGAAGTGGAACACTGACGACATGGTTCTACA,GAAGTGGATACGGTAGCAGAGACTTGGTCT,GGWACWGGWTGAACWGTWTAYCCYCC,TAIACYTCIGGRTGICCRAARAAYCA,MEDITS_Lib1,313,SubsetCOI_R1.fq,SubsetCOI_R2.fq,COI,2,G11_CS1,G11_CS2
G12,ntc_rep3,NCATGTGTGACACTGACGACATGGTTCTACA,NCATGTGTGTACGGTAGCAGAGACTTGGTCT,GGWACWGGWTGAACWGTWTAYCCYCC,TAIACYTCIGGRTGICCRAARAAYCA,MEDITS_Lib1,313,SubsetCOI_R1.fq,SubsetCOI_R2.fq,COI,1,G12_CS1,G12_CS2
H1,MDT_9_rep1,NTCAGCGAAACACTGACGACATGGTTCTACA,NTCAGCGAATACGGTAGCAGAGACTTGGTCT,GGWACWGGWTGAACWGTWTAYCCYCC,TAIACYTCIGGRTGICCRAARAAYCA,MEDITS_Lib1,313,SubsetCOI_R1.fq,SubsetCOI_R2.fq,COI,1,H1_CS1,H1_CS2
H2,MDT_9_rep2,TAGGCCAAACACTGACGACATGGTTCTACA,NNTAGGCCAATACGGTAGCAGAGACTTGGTCT,GGWACWGGWTGAACWGTWTAYCCYCC,TAIACYTCIGGRTGICCRAARAAYCA,MEDITS_Lib1,313,SubsetCOI_R1.fq,SubsetCOI_R2.fq,COI,0,H2_CS1,H2_CS2
H3,MDT_9_rep3,NNCGTAACGAACACTGACGACATGGTTCTACA,CGTAACGATACGGTAGCAGAGACTTGGTCT,GGWACWGGWTGAACWGTWTAYCCYCC,TAIACYTCIGGRTGICCRAARAAYCA,MEDITS_Lib1,313,SubsetCOI_R1.fq,SubsetCOI_R2.fq,COI,2,H3_CS1,H3_CS2
H4,MDT_17_rep1,NGGTACTGAACACTGACGACATGGTTCTACA,NGGTACTGATACGGTAGCAGAGACTTGGTCT,GGWACWGGWTGAACWGTWTAYCCYCC,TAIACYTCIGGRTGICCRAARAAYCA,MEDITS_Lib1,313,SubsetCOI_R1.fq,SubsetCOI_R2.fq,COI,1,H4_CS1,H4_CS2
H5,MDT_17_rep2,TGGAACCAACACTGACGACATGGTTCTACA,NNTGGAACCATACGGTAGCAGAGACTTGGTCT,GGWACWGGWTGAACWGTWTAYCCYCC,TAIACYTCIGGRTGICCRAARAAYCA,MEDITS_Lib1,313,SubsetCOI_R1.fq,SubsetCOI_R2.fq,COI,0,H5_CS1,H5_CS2
H6,MDT_17_rep3,NNGCCAGTTAACACTGACGACATGGTTCTACA,GCCAGTTATACGGTAGCAGAGACTTGGTCT,GGWACWGGWTGAACWGTWTAYCCYCC,TAIACYTCIGGRTGICCRAARAAYCA,MEDITS_Lib1,313,SubsetCOI_R1.fq,SubsetCOI_R2.fq,COI,2,H6_CS1,H6_CS2
H7,MDT_26_rep1,NTCGTATGGACACTGACGACATGGTTCTACA,NTCGTATGGTACGGTAGCAGAGACTTGGTCT,GGWACWGGWTGAACWGTWTAYCCYCC,TAIACYTCIGGRTGICCRAARAAYCA,MEDITS_Lib1,313,SubsetCOI_R1.fq,SubsetCOI_R2.fq,COI,1,H7_CS1,H7_CS2
H8,MDT_26_rep2,TTGTTCCGACACTGACGACATGGTTCTACA,NNTTGTTCCGTACGGTAGCAGAGACTTGGTCT,GGWACWGGWTGAACWGTWTAYCCYCC,TAIACYTCIGGRTGICCRAARAAYCA,MEDITS_Lib1,313,SubsetCOI_R1.fq,SubsetCOI_R2.fq,COI,0,H8_CS1,H8_CS2
H9,MDT_26_rep3,NNTGGTGTTGACACTGACGACATGGTTCTACA,TGGTGTTGTACGGTAGCAGAGACTTGGTCT,GGWACWGGWTGAACWGTWTAYCCYCC,TAIACYTCIGGRTGICCRAARAAYCA,MEDITS_Lib1,313,SubsetCOI_R1.fq,SubsetCOI_R2.fq,COI,2,H9_CS1,H9_CS2
H10,ctrl+_rep1,NACGTATCCACACTGACGACATGGTTCTACA,NACGTATCCTACGGTAGCAGAGACTTGGTCT,GGWACWGGWTGAACWGTWTAYCCYCC,TAIACYTCIGGRTGICCRAARAAYCA,MEDITS_Lib1,313,SubsetCOI_R1.fq,SubsetCOI_R2.fq,COI,1,H10_CS1,H10_CS2
H11,ctrl+_rep2,AAGGTCGAACACTGACGACATGGTTCTACA,NNAAGGTCGATACGGTAGCAGAGACTTGGTCT,GGWACWGGWTGAACWGTWTAYCCYCC,TAIACYTCIGGRTGICCRAARAAYCA,MEDITS_Lib1,313,SubsetCOI_R1.fq,SubsetCOI_R2.fq,COI,0,H11_CS1,H11_CS2
H12,ctrl+_rep3,NNAAGTACGCACACTGACGACATGGTTCTACA,AAGTACGCTACGGTAGCAGAGACTTGGTCT,GGWACWGGWTGAACWGTWTAYCCYCC,TAIACYTCIGGRTGICCRAARAAYCA,MEDITS_Lib1,313,SubsetCOI_R1.fq,SubsetCOI_R2.fq,COI,2,H12_CS1,H12_CS2
