Set,ADAP,Well,seq_index_seq_1,seq_index_seq_2
1,Adap_001,A01,AAGGCTTGACACTGACGACATGGTTCTACA,NNAAGGCTTGTACGGTAGCAGAGACTTGGTCT
1,Adap_002,B01,NGTTGTCACACACTGACGACATGGTTCTACA,NGTTGTCACTACGGTAGCAGAGACTTGGTCT
1,Adap_003,C01,NNCGGAAGAAACACTGACGACATGGTTCTACA,CGGAAGAATACGGTAGCAGAGACTTGGTCT
1,Adap_004,D01,GCCAAGAAACACTGACGACATGGTTCTACA,NNGCCAAGAATACGGTAGCAGAGACTTGGTCT
1,Adap_005,E01,NCACGAGAAACACTGACGACATGGTTCTACA,NCACGAGAATACGGTAGCAGAGACTTGGTCT
1,Adap_006,F01,NNTCGAGGAAACACTGACGACATGGTTCTACA,TCGAGGAATACGGTAGCAGAGACTTGGTCT
1,Adap_007,G01,GGTAGGAAACACTGACGACATGGTTCTACA,NNGGTAGGAATACGGTAGCAGAGACTTGGTCT
1,Adap_008,H01,NATGCGGAAACACTGACGACATGGTTCTACA,NATGCGGAATACGGTAGCAGAGACTTGGTCT
1,Adap_009,A02,NNGCATGGAAACACTGACGACATGGTTCTACA,GCATGGAATACGGTAGCAGAGACTTGGTCT
1,Adap_010,B02,GTGACGAAACACTGACGACATGGTTCTACA,NNGTGACGAATACGGTAGCAGAGACTTGGTCT
1,Adap_011,C02,NCCTACGAAACACTGACGACATGGTTCTACA,NCCTACGAATACGGTAGCAGAGACTTGGTCT
1,Adap_012,D02,NNCGATCGAAACACTGACGACATGGTTCTACA,CGATCGAATACGGTAGCAGAGACTTGGTCT
1,Adap_013,E02,CTGGTGAAACACTGACGACATGGTTCTACA,NNCTGGTGAATACGGTAGCAGAGACTTGGTCT
1,Adap_014,F02,NTGCGACAAACACTGACGACATGGTTCTACA,NTGCGACAATACGGTAGCAGAGACTTGGTCT
1,Adap_015,G02,NNCTCCACAAACACTGACGACATGGTTCTACA,CTCCACAATACGGTAGCAGAGACTTGGTCT
1,Adap_016,H02,AGTGGCAAACACTGACGACATGGTTCTACA,NNAGTGGCAATACGGTAGCAGAGACTTGGTCT
1,Adap_017,A03,NGCAACCAAACACTGACGACATGGTTCTACA,NGCAACCAATACGGTAGCAGAGACTTGGTCT
1,Adap_018,B03,NNAGGACCAAACACTGACGACATGGTTCTACA,AGGACCAATACGGTAGCAGAGACTTGGTCT
1,Adap_019,C03,CTAGCCAAACACTGACGACATGGTTCTACA,NNCTAGCCAATACGGTAGCAGAGACTTGGTCT
1,Adap_020,D03,NGGCATCAAACACTGACGACATGGTTCTACA,NGGCATCAATACGGTAGCAGAGACTTGGTCT
1,Adap_021,E03,NNCCAGGTAAACACTGACGACATGGTTCTACA,CCAGGTAATACGGTAGCAGAGACTTGGTCT
1,Adap_022,F03,GACGGTAAACACTGACGACATGGTTCTACA,NNGACGGTAATACGGTAGCAGAGACTTGGTCT
1,Adap_023,G03,NGCTCGTAAACACTGACGACATGGTTCTACA,NGCTCGTAATACGGTAGCAGAGACTTGGTCT
1,Adap_024,H03,NNCGTGCTAAACACTGACGACATGGTTCTACA,CGTGCTAATACGGTAGCAGAGACTTGGTCT
1,Adap_025,A04,TGTGGAGAACACTGACGACATGGTTCTACA,NNTGTGGAGATACGGTAGCAGAGACTTGGTCT
1,Adap_026,B04,NTAACCGGAACACTGACGACATGGTTCTACA,NTAACCGGATACGGTAGCAGAGACTTGGTCT
1,Adap_027,C04,NNCTTCTGGAACACTGACGACATGGTTCTACA,CTTCTGGATACGGTAGCAGAGACTTGGTCT
1,Adap_028,D04,ATAGGCGAACACTGACGACATGGTTCTACA,NNATAGGCGATACGGTAGCAGAGACTTGGTCT
1,Adap_029,E04,NACATCCGAACACTGACGACATGGTTCTACA,NACATCCGATACGGTAGCAGAGACTTGGTCT
1,Adap_030,F04,NNTTCGTCGAACACTGACGACATGGTTCTACA,TTCGTCGATACGGTAGCAGAGACTTGGTCT
1,Adap_031,G04,AGGAGTGAACACTGACGACATGGTTCTACA,NNAGGAGTGATACGGTAGCAGAGACTTGGTCT
1,Adap_032,H04,NTAGCGTGAACACTGACGACATGGTTCTACA,NTAGCGTGATACGGTAGCAGAGACTTGGTCT
1,Adap_033,A05,NNGCCTTACAACACTGACGACATGGTTCTACA,GCCTTACATACGGTAGCAGAGACTTGGTCT
1,Adap_034,B05,GTTCAGCAACACTGACGACATGGTTCTACA,NNGTTCAGCATACGGTAGCAGAGACTTGGTCT
1,Adap_035,C05,NGTAAGGCAACACTGACGACATGGTTCTACA,NGTAAGGCATACGGTAGCAGAGACTTGGTCT
1,Adap_036,D05,NNTAGACGCAACACTGACGACATGGTTCTACA,TAGACGCATACGGTAGCAGAGACTTGGTCT
1,Adap_037,E05,CTCTTGCAACACTGACGACATGGTTCTACA,NNCTCTTGCATACGGTAGCAGAGACTTGGTCT
1,Adap_038,F05,NATCGGTCAACACTGACGACATGGTTCTACA,NATCGGTCATACGGTAGCAGAGACTTGGTCT
1,Adap_039,G05,NNTTGGCTCAACACTGACGACATGGTTCTACA,TTGGCTCATACGGTAGCAGAGACTTGGTCT
1,Adap_040,H05,CACTCTCAACACTGACGACATGGTTCTACA,NNCACTCTCATACGGTAGCAGAGACTTGGTCT
1,Adap_041,A06,NGGAGTTCAACACTGACGACATGGTTCTACA,NGGAGTTCATACGGTAGCAGAGACTTGGTCT
1,Adap_042,B06,NNCTGGCATAACACTGACGACATGGTTCTACA,CTGGCATATACGGTAGCAGAGACTTGGTCT
1,Adap_043,C06,CGTCAGTAACACTGACGACATGGTTCTACA,NNCGTCAGTATACGGTAGCAGAGACTTGGTCT
1,Adap_044,D06,NACGACGTAACACTGACGACATGGTTCTACA,NACGACGTATACGGTAGCAGAGACTTGGTCT
1,Adap_045,E06,NNTTGCCGTAACACTGACGACATGGTTCTACA,TTGCCGTATACGGTAGCAGAGACTTGGTCT
1,Adap_046,F06,TCGGTGTAACACTGACGACATGGTTCTACA,NNTCGGTGTATACGGTAGCAGAGACTTGGTCT
1,Adap_047,G06,NCACCTGTAACACTGACGACATGGTTCTACA,NCACCTGTATACGGTAGCAGAGACTTGGTCT
1,Adap_048,H06,NNGACCACTAACACTGACGACATGGTTCTACA,GACCACTATACGGTAGCAGAGACTTGGTCT
1,Adap_049,A07,TGCAGCTAACACTGACGACATGGTTCTACA,NNTGCAGCTATACGGTAGCAGAGACTTGGTCT
1,Adap_050,B07,NCCTTCCTAACACTGACGACATGGTTCTACA,NCCTTCCTATACGGTAGCAGAGACTTGGTCT
1,Adap_051,C07,NNACGCTCTAACACTGACGACATGGTTCTACA,ACGCTCTATACGGTAGCAGAGACTTGGTCT
1,Adap_052,D07,CCGCATTAACACTGACGACATGGTTCTACA,NNCCGCATTATACGGTAGCAGAGACTTGGTCT
1,Adap_053,E07,NTTCCAGAGACACTGACGACATGGTTCTACA,NTTCCAGAGTACGGTAGCAGAGACTTGGTCT
1,Adap_054,F07,NNGACTAGAGACACTGACGACATGGTTCTACA,GACTAGAGTACGGTAGCAGAGACTTGGTCT
1,Adap_055,G07,CTGAACAGACACTGACGACATGGTTCTACA,NNCTGAACAGTACGGTAGCAGAGACTTGGTCT
1,Adap_056,H07,NTCCAACAGACACTGACGACATGGTTCTACA,NTCCAACAGTACGGTAGCAGAGACTTGGTCT
1,Adap_057,A08,NNGGCAATAGACACTGACGACATGGTTCTACA,GGCAATAGTACGGTAGCAGAGACTTGGTCT
1,Adap_058,B08,ACCGATAGACACTGACGACATGGTTCTACA,NNACCGATAGTACGGTAGCAGAGACTTGGTCT
1,Adap_059,C08,NGAGTGTAGACACTGACGACATGGTTCTACA,NGAGTGTAGTACGGTAGCAGAGACTTGGTCT
1,Adap_060,D08,NNCTTAGAGGACACTGACGACATGGTTCTACA,CTTAGAGGTACGGTAGCAGAGACTTGGTCT
1,Adap_061,E08,AACCTAGGACACTGACGACATGGTTCTACA,NNAACCTAGGTACGGTAGCAGAGACTTGGTCT
1,Adap_062,F08,NCAATACGGACACTGACGACATGGTTCTACA,NCAATACGGTACGGTAGCAGAGACTTGGTCT
1,Adap_063,G08,NNATCTACGGACACTGACGACATGGTTCTACA,ATCTACGGTACGGTAGCAGAGACTTGGTCT
1,Adap_064,H08,TGTGATGGACACTGACGACATGGTTCTACA,NNTGTGATGGTACGGTAGCAGAGACTTGGTCT
1,Adap_065,A09,NAACAGTGGACACTGACGACATGGTTCTACA,NAACAGTGGTACGGTAGCAGAGACTTGGTCT
1,Adap_066,B09,NNGAGATTGGACACTGACGACATGGTTCTACA,GAGATTGGTACGGTAGCAGAGACTTGGTCT
1,Adap_067,C09,TCCATTGGACACTGACGACATGGTTCTACA,NNTCCATTGGTACGGTAGCAGAGACTTGGTCT
1,Adap_068,D09,NCAAGTTGGACACTGACGACATGGTTCTACA,NCAAGTTGGTACGGTAGCAGAGACTTGGTCT
1,Adap_069,E09,NNATCGTTGGACACTGACGACATGGTTCTACA,ATCGTTGGTACGGTAGCAGAGACTTGGTCT
1,Adap_070,F09,ACTTGTCGACACTGACGACATGGTTCTACA,NNACTTGTCGTACGGTAGCAGAGACTTGGTCT
1,Adap_071,G09,NTGTTCTCGACACTGACGACATGGTTCTACA,NTGTTCTCGTACGGTAGCAGAGACTTGGTCT
1,Adap_072,H09,NNGAACTTCGACACTGACGACATGGTTCTACA,GAACTTCGTACGGTAGCAGAGACTTGGTCT
1,Adap_073,A10,GATACGTGACACTGACGACATGGTTCTACA,NNGATACGTGTACGGTAGCAGAGACTTGGTCT
1,Adap_074,B10,NACTAGCTGACACTGACGACATGGTTCTACA,NACTAGCTGTACGGTAGCAGAGACTTGGTCT
1,Adap_075,C10,NNCAACACACACACTGACGACATGGTTCTACA,CAACACACTACGGTAGCAGAGACTTGGTCT
1,Adap_076,D10,ATGCACACACACTGACGACATGGTTCTACA,NNATGCACACTACGGTAGCAGAGACTTGGTCT
1,Adap_077,E10,NGAGGATACACACTGACGACATGGTTCTACA,NGAGGATACTACGGTAGCAGAGACTTGGTCT
1,Adap_078,F10,NNCTTGGTACACACTGACGACATGGTTCTACA,CTTGGTACTACGGTAGCAGAGACTTGGTCT
1,Adap_079,G10,TTAGGAGCACACTGACGACATGGTTCTACA,NNTTAGGAGCTACGGTAGCAGAGACTTGGTCT
1,Adap_080,H10,NAATGGAGCACACTGACGACATGGTTCTACA,NAATGGAGCTACGGTAGCAGAGACTTGGTCT
1,Adap_081,A11,NNTACAAGGCACACTGACGACATGGTTCTACA,TACAAGGCTACGGTAGCAGAGACTTGGTCT
1,Adap_082,B11,AAGTCACGACACTGACGACATGGTTCTACA,NNAAGTCACGTACGGTAGCAGAGACTTGGTCT
1,Adap_083,C11,NGAGCAGAAACACTGACGACATGGTTCTACA,NGAGCAGAATACGGTAGCAGAGACTTGGTCT
1,Adap_084,D11,NNGTCCTGAAACACTGACGACATGGTTCTACA,GTCCTGAATACGGTAGCAGAGACTTGGTCT
1,Adap_085,E11,ACCAGCAAACACTGACGACATGGTTCTACA,NNACCAGCAATACGGTAGCAGAGACTTGGTCT
1,Adap_086,F11,NTCCTCCAAACACTGACGACATGGTTCTACA,NTCCTCCAATACGGTAGCAGAGACTTGGTCT
1,Adap_087,G11,NNAGAACGGAACACTGACGACATGGTTCTACA,AGAACGGATACGGTAGCAGAGACTTGGTCT
1,Adap_088,H11,CCATGACAACACTGACGACATGGTTCTACA,NNCCATGACATACGGTAGCAGAGACTTGGTCT
1,Adap_089,A12,NATACCGCAACACTGACGACATGGTTCTACA,NATACCGCATACGGTAGCAGAGACTTGGTCT
1,Adap_090,B12,NNCGAATGCAACACTGACGACATGGTTCTACA,CGAATGCATACGGTAGCAGAGACTTGGTCT
1,Adap_091,C12,CAGATGAGACACTGACGACATGGTTCTACA,NNCAGATGAGTACGGTAGCAGAGACTTGGTCT
1,Adap_092,D12,NTGCTTAGGACACTGACGACATGGTTCTACA,NTGCTTAGGTACGGTAGCAGAGACTTGGTCT
1,Adap_093,E12,NNTGAAGTGGACACTGACGACATGGTTCTACA,TGAAGTGGTACGGTAGCAGAGACTTGGTCT
1,Adap_094,F12,GTATTGCGACACTGACGACATGGTTCTACA,NNGTATTGCGTACGGTAGCAGAGACTTGGTCT
1,Adap_095,G12,NTAAGGTCGACACTGACGACATGGTTCTACA,NTAAGGTCGTACGGTAGCAGAGACTTGGTCT
1,Adap_096,H12,NNCATTGTGCACACTGACGACATGGTTCTACA,CATTGTGCTACGGTAGCAGAGACTTGGTCT
2,Adap_097,A01,GGCCTATAACACTGACGACATGGTTCTACA,NNGGCCTATATACGGTAGCAGAGACTTGGTCT
2,Adap_098,B01,NTCTTCAGGACACTGACGACATGGTTCTACA,NTCTTCAGGTACGGTAGCAGAGACTTGGTCT
2,Adap_099,C01,NNACGGAGAAACACTGACGACATGGTTCTACA,ACGGAGAATACGGTAGCAGAGACTTGGTCT
2,Adap_100,D01,CCACAGAAACACTGACGACATGGTTCTACA,NNCCACAGAATACGGTAGCAGAGACTTGGTCT
2,Adap_101,E01,NAGCCAGAAACACTGACGACATGGTTCTACA,NAGCCAGAATACGGTAGCAGAGACTTGGTCT
2,Adap_102,F01,NNTGACGGAAACACTGACGACATGGTTCTACA,TGACGGAATACGGTAGCAGAGACTTGGTCT
2,Adap_103,G01,CATCGGAAACACTGACGACATGGTTCTACA,NNCATCGGAATACGGTAGCAGAGACTTGGTCT
2,Adap_104,H01,NTCAGCGAAACACTGACGACATGGTTCTACA,NTCAGCGAATACGGTAGCAGAGACTTGGTCT
2,Adap_105,A02,NNGATGCGAAACACTGACGACATGGTTCTACA,GATGCGAATACGGTAGCAGAGACTTGGTCT
2,Adap_106,B02,GTGGACAAACACTGACGACATGGTTCTACA,NNGTGGACAATACGGTAGCAGAGACTTGGTCT
2,Adap_107,C02,NTCGCACAAACACTGACGACATGGTTCTACA,NTCGCACAATACGGTAGCAGAGACTTGGTCT
2,Adap_108,D02,NNGGTCACAAACACTGACGACATGGTTCTACA,GGTCACAATACGGTAGCAGAGACTTGGTCT
2,Adap_109,E02,TGGTGCAAACACTGACGACATGGTTCTACA,NNTGGTGCAATACGGTAGCAGAGACTTGGTCT
2,Adap_110,F02,NGTCTGCAAACACTGACGACATGGTTCTACA,NGTCTGCAATACGGTAGCAGAGACTTGGTCT
2,Adap_111,G02,NNCACACCAAACACTGACGACATGGTTCTACA,CACACCAATACGGTAGCAGAGACTTGGTCT
2,Adap_112,H02,TAGGCCAAACACTGACGACATGGTTCTACA,NNTAGGCCAATACGGTAGCAGAGACTTGGTCT
2,Adap_113,A03,NCGCTGTAAACACTGACGACATGGTTCTACA,NCGCTGTAATACGGTAGCAGAGACTTGGTCT
2,Adap_114,B03,NNCAGCCTAAACACTGACGACATGGTTCTACA,CAGCCTAATACGGTAGCAGAGACTTGGTCT
2,Adap_115,C03,GCGTCTAAACACTGACGACATGGTTCTACA,NNGCGTCTAATACGGTAGCAGAGACTTGGTCT
2,Adap_116,D03,NGGAAGAGAACACTGACGACATGGTTCTACA,NGGAAGAGATACGGTAGCAGAGACTTGGTCT
2,Adap_117,E03,NNTTGGAGGAACACTGACGACATGGTTCTACA,TTGGAGGATACGGTAGCAGAGACTTGGTCT
2,Adap_118,F03,AGTGAGGAACACTGACGACATGGTTCTACA,NNAGTGAGGATACGGTAGCAGAGACTTGGTCT
2,Adap_119,G03,NACCATGGAACACTGACGACATGGTTCTACA,NACCATGGATACGGTAGCAGAGACTTGGTCT
2,Adap_120,H03,NNCGTAACGAACACTGACGACATGGTTCTACA,CGTAACGATACGGTAGCAGAGACTTGGTCT
2,Adap_121,A04,GCTTACGAACACTGACGACATGGTTCTACA,NNGCTTACGATACGGTAGCAGAGACTTGGTCT
2,Adap_122,B04,NCAACTCGAACACTGACGACATGGTTCTACA,NCAACTCGATACGGTAGCAGAGACTTGGTCT
2,Adap_123,C04,NNAGTCTCGAACACTGACGACATGGTTCTACA,AGTCTCGATACGGTAGCAGAGACTTGGTCT
2,Adap_124,D04,CTCGATGAACACTGACGACATGGTTCTACA,NNCTCGATGATACGGTAGCAGAGACTTGGTCT
2,Adap_125,E04,NCCTAGTGAACACTGACGACATGGTTCTACA,NCCTAGTGATACGGTAGCAGAGACTTGGTCT
2,Adap_126,F04,NNGTTGGTGAACACTGACGACATGGTTCTACA,GTTGGTGATACGGTAGCAGAGACTTGGTCT
2,Adap_127,G04,ACACGTGAACACTGACGACATGGTTCTACA,NNACACGTGATACGGTAGCAGAGACTTGGTCT
2,Adap_128,H04,NGGTACTGAACACTGACGACATGGTTCTACA,NGGTACTGATACGGTAGCAGAGACTTGGTCT
2,Adap_129,A05,NNGACCTTGAACACTGACGACATGGTTCTACA,GACCTTGATACGGTAGCAGAGACTTGGTCT
2,Adap_130,B05,AGACGACAACACTGACGACATGGTTCTACA,NNAGACGACATACGGTAGCAGAGACTTGGTCT
2,Adap_131,C05,NCAGGTACAACACTGACGACATGGTTCTACA,NCAGGTACATACGGTAGCAGAGACTTGGTCT
2,Adap_132,D05,NNAACAGGCAACACTGACGACATGGTTCTACA,AACAGGCATACGGTAGCAGAGACTTGGTCT
2,Adap_133,E05,GATTGGCAACACTGACGACATGGTTCTACA,NNGATTGGCATACGGTAGCAGAGACTTGGTCT
2,Adap_134,F05,NACTGTGCAACACTGACGACATGGTTCTACA,NACTGTGCATACGGTAGCAGAGACTTGGTCT
2,Adap_135,G05,NNAAGCTGCAACACTGACGACATGGTTCTACA,AAGCTGCATACGGTAGCAGAGACTTGGTCT
2,Adap_136,H05,TGGAACCAACACTGACGACATGGTTCTACA,NNTGGAACCATACGGTAGCAGAGACTTGGTCT
2,Adap_137,A06,NGTGATCCAACACTGACGACATGGTTCTACA,NGTGATCCATACGGTAGCAGAGACTTGGTCT
2,Adap_138,B06,NNCTTGTCCAACACTGACGACATGGTTCTACA,CTTGTCCATACGGTAGCAGAGACTTGGTCT
2,Adap_139,C06,GTCACTCAACACTGACGACATGGTTCTACA,NNGTCACTCATACGGTAGCAGAGACTTGGTCT
2,Adap_140,D06,NTGGCGATAACACTGACGACATGGTTCTACA,NTGGCGATATACGGTAGCAGAGACTTGGTCT
2,Adap_141,E06,NNACTCGGTAACACTGACGACATGGTTCTACA,ACTCGGTATACGGTAGCAGAGACTTGGTCT
2,Adap_142,F06,AGGTGGTAACACTGACGACATGGTTCTACA,NNAGGTGGTATACGGTAGCAGAGACTTGGTCT
2,Adap_143,G06,NGGTTGCTAACACTGACGACATGGTTCTACA,NGGTTGCTATACGGTAGCAGAGACTTGGTCT
2,Adap_144,H06,NNGCCAGTTAACACTGACGACATGGTTCTACA,GCCAGTTATACGGTAGCAGAGACTTGGTCT
2,Adap_145,A07,CGACGTTAACACTGACGACATGGTTCTACA,NNCGACGTTATACGGTAGCAGAGACTTGGTCT
2,Adap_146,B07,NCGATTCAGACACTGACGACATGGTTCTACA,NCGATTCAGTACGGTAGCAGAGACTTGGTCT
2,Adap_147,C07,NNGCACATAGACACTGACGACATGGTTCTACA,GCACATAGTACGGTAGCAGAGACTTGGTCT
2,Adap_148,D07,CCTCTTAGACACTGACGACATGGTTCTACA,NNCCTCTTAGTACGGTAGCAGAGACTTGGTCT
2,Adap_149,E07,NTTCACAGGACACTGACGACATGGTTCTACA,NTTCACAGGTACGGTAGCAGAGACTTGGTCT
2,Adap_150,F07,NNATTACCGGACACTGACGACATGGTTCTACA,ATTACCGGTACGGTAGCAGAGACTTGGTCT
2,Adap_151,G07,GCTAATGGACACTGACGACATGGTTCTACA,NNGCTAATGGTACGGTAGCAGAGACTTGGTCT
2,Adap_152,H07,NTCGTATGGACACTGACGACATGGTTCTACA,NTCGTATGGTACGGTAGCAGAGACTTGGTCT
2,Adap_153,A08,NNATTCGTGGACACTGACGACATGGTTCTACA,ATTCGTGGTACGGTAGCAGAGACTTGGTCT
2,Adap_154,B08,TATCCTGGACACTGACGACATGGTTCTACA,NNTATCCTGGTACGGTAGCAGAGACTTGGTCT
2,Adap_155,C08,NACTGAACGACACTGACGACATGGTTCTACA,NACTGAACGTACGGTAGCAGAGACTTGGTCT
2,Adap_156,D08,NNATCCAACGACACTGACGACATGGTTCTACA,ATCCAACGTACGGTAGCAGAGACTTGGTCT
2,Adap_157,E08,TATGCACGACACTGACGACATGGTTCTACA,NNTATGCACGTACGGTAGCAGAGACTTGGTCT
2,Adap_158,F08,NTTAGACCGACACTGACGACATGGTTCTACA,NTTAGACCGTACGGTAGCAGAGACTTGGTCT
2,Adap_159,G08,NNCTAATCCGACACTGACGACATGGTTCTACA,CTAATCCGTACGGTAGCAGAGACTTGGTCT
2,Adap_160,H08,TTGTTCCGACACTGACGACATGGTTCTACA,NNTTGTTCCGTACGGTAGCAGAGACTTGGTCT
2,Adap_161,A09,NTCTCATCGACACTGACGACATGGTTCTACA,NTCTCATCGTACGGTAGCAGAGACTTGGTCT
2,Adap_162,B09,NNTTACCTCGACACTGACGACATGGTTCTACA,TTACCTCGTACGGTAGCAGAGACTTGGTCT
2,Adap_163,C09,CGGATATGACACTGACGACATGGTTCTACA,NNCGGATATGTACGGTAGCAGAGACTTGGTCT
2,Adap_164,D09,NGAGGTATGACACTGACGACATGGTTCTACA,NGAGGTATGTACGGTAGCAGAGACTTGGTCT
2,Adap_165,E09,NNGTGATGTGACACTGACGACATGGTTCTACA,GTGATGTGTACGGTAGCAGAGACTTGGTCT
2,Adap_166,F09,TCTGACTGACACTGACGACATGGTTCTACA,NNTCTGACTGTACGGTAGCAGAGACTTGGTCT
2,Adap_167,G09,NGCATTCTGACACTGACGACATGGTTCTACA,NGCATTCTGTACGGTAGCAGAGACTTGGTCT
2,Adap_168,H09,NNTGGTGTTGACACTGACGACATGGTTCTACA,TGGTGTTGTACGGTAGCAGAGACTTGGTCT
2,Adap_169,A10,TTCGCTTGACACTGACGACATGGTTCTACA,NNTTCGCTTGTACGGTAGCAGAGACTTGGTCT
2,Adap_170,B10,NACTCCTTGACACTGACGACATGGTTCTACA,NACTCCTTGTACGGTAGCAGAGACTTGGTCT
2,Adap_171,C10,NNCTGTCTTGACACTGACGACATGGTTCTACA,CTGTCTTGTACGGTAGCAGAGACTTGGTCT
2,Adap_172,D10,CCGAATACACACTGACGACATGGTTCTACA,NNCCGAATACTACGGTAGCAGAGACTTGGTCT
2,Adap_173,E10,NGAGTAACCACACTGACGACATGGTTCTACA,NGAGTAACCTACGGTAGCAGAGACTTGGTCT
2,Adap_174,F10,NNAGATAGCCACACTGACGACATGGTTCTACA,AGATAGCCTACGGTAGCAGAGACTTGGTCT
2,Adap_175,G10,CAATTGCCACACTGACGACATGGTTCTACA,NNCAATTGCCTACGGTAGCAGAGACTTGGTCT
2,Adap_176,H10,NACGTATCCACACTGACGACATGGTTCTACA,NACGTATCCTACGGTAGCAGAGACTTGGTCT
2,Adap_177,A11,NNGAATGTCCACACTGACGACATGGTTCTACA,GAATGTCCTACGGTAGCAGAGACTTGGTCT
2,Adap_178,B11,CAGAGAGAACACTGACGACATGGTTCTACA,NNCAGAGAGATACGGTAGCAGAGACTTGGTCT
2,Adap_179,C11,NCCTGACAAACACTGACGACATGGTTCTACA,NCCTGACAATACGGTAGCAGAGACTTGGTCT
2,Adap_180,D11,NNCGAAGCAAACACTGACGACATGGTTCTACA,CGAAGCAATACGGTAGCAGAGACTTGGTCT
2,Adap_181,E11,TACCGCAAACACTGACGACATGGTTCTACA,NNTACCGCAATACGGTAGCAGAGACTTGGTCT
2,Adap_182,F11,NGTAGCAGAACACTGACGACATGGTTCTACA,NGTAGCAGATACGGTAGCAGAGACTTGGTCT
2,Adap_183,G11,NNGAAGTGGAACACTGACGACATGGTTCTACA,GAAGTGGATACGGTAGCAGAGACTTGGTCT
2,Adap_184,H11,AAGGTCGAACACTGACGACATGGTTCTACA,NNAAGGTCGATACGGTAGCAGAGACTTGGTCT
2,Adap_185,A12,NACCTAGCAACACTGACGACATGGTTCTACA,NACCTAGCATACGGTAGCAGAGACTTGGTCT
2,Adap_186,B12,NNATCCTCCAACACTGACGACATGGTTCTACA,ATCCTCCATACGGTAGCAGAGACTTGGTCT
2,Adap_187,C12,TCCTGAAGACACTGACGACATGGTTCTACA,NNTCCTGAAGTACGGTAGCAGAGACTTGGTCT
2,Adap_188,D12,NGTGCTTAGACACTGACGACATGGTTCTACA,NGTGCTTAGTACGGTAGCAGAGACTTGGTCT
2,Adap_189,E12,NNTATTGCGGACACTGACGACATGGTTCTACA,TATTGCGGTACGGTAGCAGAGACTTGGTCT
2,Adap_190,F12,AGAATCGGACACTGACGACATGGTTCTACA,NNAGAATCGGTACGGTAGCAGAGACTTGGTCT
2,Adap_191,G12,NCATGTGTGACACTGACGACATGGTTCTACA,NCATGTGTGTACGGTAGCAGAGACTTGGTCT
2,Adap_192,H12,NNAAGTACGCACACTGACGACATGGTTCTACA,AAGTACGCTACGGTAGCAGAGACTTGGTCT
